<?xml version="1.0"?>
<configuration platform="HSW">
<!--
XML configuration file for Haswell based platforms
-->
  <!-- #################################### -->
  <!--                                      -->
  <!-- Information                          -->
  <!--                                      -->
  <!-- #################################### -->
  <info family="core" detection_value="3069x,4066x">
    <sku did="0x0C00" name="Haswell" code="HSW" longname="Desktop 4th Generation Core Processor (Haswell CPU / Lynx Point PCH" />
    <sku did="0x0C04" name="Haswell" code="HSW" longname="Mobile 4th Generation Core Processor (Haswell M/H / Lynx Point PCH)" />
    <sku did="0x0C08" name="Haswell" code="HSW" longname="Intel Xeon Processor E3-1200 v3 (Haswell CPU, C220 Series PCH)" />
    <sku did="0x0D00" name="Haswell" code="HSW" longname="Desktop 4th Generation Core Processor (Haswell)" />
    <sku did="0x0D04" name="Haswell" code="HSW" longname="Mobile 4th Generation Core Processor (Haswell)" />
    <sku did="0x0D08" name="Haswell" code="HSW" longname="4th Generation Core Processor (Haswell)" />
    <sku did="0x0A00" name="Haswell" code="HSW" longname="4th Generation Core Processor (Haswell U/Y)" />
    <sku did="0x0A04" name="Haswell" code="HSW" longname="4th Generation Core Processor (Haswell U/Y)" />
    <sku did="0x0A08" name="Haswell" code="HSW" longname="4th Generation Core Processor (Haswell U/Y)" />
  </info>

  <!-- #################################### -->
  <!--                                      -->
  <!-- Integrated devices                   -->
  <!--                                      -->
  <!-- #################################### -->
  <pci>
  </pci>

  <!-- #################################### -->
  <!--                                      -->
  <!-- Memory Mapped I/O spaces (MMIO BARs) -->
  <!--                                      -->
  <!-- #################################### -->
  <mmio>
  </mmio>

  <!-- #################################### -->
  <!--                                      -->
  <!-- I/O spaces (I/O BARs)                -->
  <!--                                      -->
  <!-- #################################### -->
  <io>
  </io>

  <!-- #################################### -->
  <!--                                      -->
  <!-- Memory ranges                        -->
  <!--                                      -->
  <!-- #################################### -->
  <memory>
  </memory>

  <!-- #################################### -->
  <!--                                      -->
  <!-- Configuration registers              -->
  <!--                                      -->
  <!-- #################################### -->
  <registers>
    <register name="MSR_SMM_FEATURE_CONTROL" type="msr" msr="0x4E0" desc="Enhanced SMM Feature Control">
      <field name="LOCK"            bit="0" size="1"  desc="Lock bit" />
      <field name="SMM_Code_Chk_En" bit="2" size="1"  desc="Prevents SMM from executing code outside the ranges defined by the SMRR" />
    </register>
  </registers>

</configuration>