<?xml version="1.0"?>
<configuration platform="IVB">
<!--
XML configuration for IvyBridge based platforms
-->

  <!-- #################################### -->
  <!--                                      -->
  <!-- Information                          -->
  <!--                                      -->
  <!-- #################################### -->
  <info family="core" detection_value="306a8-306a9, 306e7, 306f2">
    <sku did="0x0150" name="Ivy Bridge" code="IVB" longname="Desktop 3rd Generation Core Processor (Ivy Bridge CPU / Panther Point PCH)" />
    <sku did="0x0154" name="Ivy Bridge" code="IVB" longname="Mobile 3rd Generation Core Processor (Ivy Bridge CPU / Panther Point PCH)" />
    <sku did="0x0158" name="Ivy Bridge" code="IVB" longname="Intel Xeon Processor E3-1200 v2 (Ivy Bridge CPU, C200/C216 Series PCH)" />
  </info>

  <!-- #################################### -->
  <!--                                      -->
  <!-- Integrated devices                   -->
  <!--                                      -->
  <!-- #################################### -->
  <pci>
  </pci>

  <!-- #################################### -->
  <!--                                      -->
  <!-- Memory Mapped I/O spaces (MMIO BARs) -->
  <!--                                      -->
  <!-- #################################### -->
  <mmio>
  </mmio>

  <!-- #################################### -->
  <!--                                      -->
  <!-- I/O spaces (I/O BARs)                -->
  <!--                                      -->
  <!-- #################################### -->
  <io>
  </io>

  <!-- #################################### -->
  <!--                                      -->
  <!-- Memory ranges                        -->
  <!--                                      -->
  <!-- #################################### -->
  <memory>
  </memory>

  <!-- #################################### -->
  <!--                                      -->
  <!-- Configuration registers              -->
  <!--                                      -->
  <!-- #################################### -->
  <registers>
  </registers>

</configuration>