<?xml version="1.0"?>
<configuration platform="PCH_7x">
<!--
CHIPSEC: Platform Security Assessment Framework
Copyright (c) 2022, Intel Corporation

This program is free software; you can redistribute it and/or
modify it under the terms of the GNU General Public License
as published by the Free Software Foundation; Version 2.

This program is distributed in the hope that it will be useful,
but WITHOUT ANY WARRANTY; without even the implied warranty of
MERCHANTABILITY or FITNESS FOR A PARTICULAR PURPOSE.  See the
GNU General Public License for more details.

You should have received a copy of the GNU General Public License
along with this program; if not, write to the Free Software
Foundation, Inc., 51 Franklin Street, Fifth Floor, Boston, MA  02110-1301, USA.

Contact information:
chipsec@intel.com
-->

<!--
XML configuration file for 7 series based platforms

* Intel(R) 7 Series Chipset Family Platform Controller Hub (PCH)
  http://www.intel.com/content/www/us/en/processors/core/core-technical-resources.html
  https://cdrdv2.intel.com/v1/dl/getContent/620387
-->

  <!-- #################################### -->
  <!--                                      -->
  <!-- Information                          -->
  <!--                                      -->
  <!-- #################################### -->
  <info>
    <sku did="0x1E47" name="Q77"  code="PCH_7x" longname="Intel Q77 (7 series) PCH" />
    <sku did="0x1E48" name="Q75"  code="PCH_7x" longname="Intel Q75 (7 series) PCH" />
    <sku did="0x1E49" name="B75"  code="PCH_7x" longname="Intel B75 (7 series) PCH" />
    <sku did="0x1E44" name="Z77"  code="PCH_7x" longname="Intel Z77 (7 series) PCH" />
    <sku did="0x1E46" name="Z75"  code="PCH_7x" longname="Intel Z75 (7 series) PCH" />
    <sku did="0x1E4A" name="H77"  code="PCH_7x" longname="Intel H77 (7 series) PCH" />
    <sku did="0x1E53" name="C216" code="PCH_7x" longname="Intel C216 (7 series) PCH" />
    <sku did="0x1E55" name="QM77" code="PCH_7x" longname="Intel QM77 (7 series) PCH" />
    <sku did="0x1E58" name="UM77" code="PCH_7x" longname="Intel UM77 (7 series) PCH" />
    <sku did="0x1E57" name="HM77" code="PCH_7x" longname="Intel HM77 (7 series) PCH" />
    <sku did="0x1E59" name="HM76" code="PCH_7x" longname="Intel HM76 (7 series) PCH" />
    <sku did="0x1E5D" name="HM75" code="PCH_7x" longname="Intel HM75 (7 series) PCH" />
    <sku did="0x1E5E" name="HM70" code="PCH_7x" longname="Intel HM70 (7 series) PCH" />
    <sku did="0x1E56" name="QS77" code="PCH_7x" longname="Intel QS77 (7 series) PCH" />
    <sku did="0x1E5F" name="NM70" code="PCH_7x" longname="Intel NM70 (7 series) PCH" />
  </info>
</configuration>
