<?xml version="1.0"?>
<configuration platform="WHL" req_pch="True">
<!--
XML configuration file for Whiskey Lake

8th Generation Intel(R) Processor Family for U-Processor Platforms:
  - https://www.intel.com/content/www/us/en/processors/core/core-technical-resources.html
  - https://www.intel.com/content/dam/www/public/us/en/documents/technical-specifications/300-series-chipset-on-package-pch-datasheet-vol-1.pdf
-->

  <!-- #################################### -->
  <!--                                      -->
  <!-- Information                          -->
  <!--                                      -->
  <!-- #################################### -->
  <info family="core" detection_value="806EA, 806EB, 806EC">
    <sku did="0x3E34" name="Whiskey Lake" code="WHL" longname="Mobile 8th Generation Core Processor (Whiskey Lake U 4 Cores)" />
  </info>

  <!-- #################################### -->
  <!--                                      -->
  <!-- Integrated devices                   -->
  <!--                                      -->
  <!-- #################################### -->
  <pci>
  </pci>

  <!-- #################################### -->
  <!--                                      -->
  <!-- Memory Mapped I/O spaces (MMIO BARs) -->
  <!--                                      -->
  <!-- #################################### -->
  <mmio>
    <bar name="GTTMMADR" bus="0" dev="2"    fun="0" reg="0x10" width="8" mask="0x7FFF000000"                     desc="Graphics Translation Table Range"/>
  </mmio>

  <!-- #################################### -->
  <!--                                      -->
  <!-- I/O spaces (I/O BARs)                -->
  <!--                                      -->
  <!-- #################################### -->
  <io>
  </io>

  <!-- #################################### -->
  <!--                                      -->
  <!-- Memory ranges                        -->
  <!--                                      -->
  <!-- #################################### -->
  <memory>
  </memory>

  <!-- #################################### -->
  <!--                                      -->
  <!-- Configuration registers              -->
  <!--                                      -->
  <!-- #################################### -->
  <registers>
    <register name="PCI0.0.0_PCIEXBAR"   type="pcicfg" device="HOSTCTRL" offset="0x60" size="8" desc="PCIe MMCFG Base Address">
      <field name="PCIEXBAREN" bit="0" size="1" desc="Enable" />
      <Field name="LENGTH" bit="1" size="2" desc="Length of region" />
      <Field name="RESERVED" bit="3" size="23" desc="Reserved" />
      <Field name="PCIEXBAR" bit="26" size="13" desc="Base Address for PCI Express" />
    </register>
    <register name="MSR_SMM_FEATURE_CONTROL" type="msr" msr="0x4E0" desc="Enhanced SMM Feature Control">
      <field name="LOCK"            bit="0" size="1"  desc="Lock bit" />
      <field name="SMM_Code_Chk_En" bit="2" size="1"  desc="Prevents SMM from executing code outside the ranges defined by the SMRR" />
    </register>
  </registers>

  <!-- #################################### -->
  <!--                                      -->
  <!-- 'Controls'                           -->
  <!--                                      -->
  <!-- #################################### -->
  <controls>
  </controls>
</configuration>
